id,layer_0,layer_1,clarifying_question,cq_type,patient_response,preliminary_assessment,preliminary_confidence,updated_assessment,updated_confidence,correct_answer_text,correct_answer_idx,is_correct_preliminary,is_correct_updated,confidence_delta,provider,model_id,meta_info,finish_reason,was_blocked,judge_raw_response,judge_provider,judge_model,judge_latency_seconds,judge_error,judge_timestamp
medqa_3,A 33-year-old man presents to the emergency department complaining of weakness and fatigue. He states that his symptoms have worsened over the past day. He has a past medical history of IV drug abuse and alcoholism and he currently smells of alcohol.,"His temperature is 102°F (38.9°C), blood pressure is 111/68 mmHg, pulse is 110/min, respirations are 17/min, and oxygen saturation is 98% on room air. Physical exam is notable for focal tenderness over the lumbar spine. Initial lab values and blood cultures are drawn and are notable for leukocytosis and an elevated C-reactive protein (CRP).","Are you experiencing any fever, chills, or specific muscle pain?",EPISTEMIC,Here is the JSON requested: ```,"Acute alcohol intoxication or early alcohol withdrawal, potentially complicated by electrolyte derangements.",40,Vancomycin,80,Vancomycin,E,False,True,40,gemini,gemini-2.5-flash,step2&3,STOP,False,EPISTEMIC,GoogleGenAI,gemini-2.5-flash,2.997,,2026-04-27T13:11:10.004159+00:00
medqa_1,"A 73-year-old man presents to the office, complaining of “weird blisters” on his right hand, which appeared 2 weeks ago. The patient says that he initially had a rash, which progressed to blisters. He denies any trauma or known contact with sick people. He is worried because he hasn’t been able to garden since the rash appeared, and he was planning on entering his roses into an annual competition this month.","His vital signs are stable. On physical exam, the patient has multiple bullae accompanied by red, papular lesions on his right hand, which progress to his forearm. The right axillary lymph nodes are swollen and tender.","Are the blisters itchy, painful, or burning?",EPISTEMIC,That information is not available.,Dyshidrotic Eczema,55,Topical corticosteroids,65,Itraconazole,D,False,False,10,gemini,gemini-2.5-flash,step1,STOP,False,EPISTEMIC,GoogleGenAI,gemini-2.5-flash,3.499,,2026-04-27T13:11:14.503753+00:00
medqa_7,"Three days after undergoing cardiac catheterization and coronary angioplasty for acute myocardial infarction, a 70-year-old man develops shortness of breath at rest. He has hypertension, hyperlipidemia, and type 2 diabetes mellitus. His current medications include aspirin, clopidogrel, atorvastatin, sublingual nitroglycerin, metoprolol, and insulin.","He appears diaphoretic. His temperature is 37°C (98.6°F), pulse is 120/min, respirations are 22/min, and blood pressure is 100/55 mm Hg. Crackles are heard at both lung bases. Cardiac examination shows a new grade 3/6 holosystolic murmur heard best at the cardiac apex. An ECG shows sinus rhythm with T wave inversion in leads II, III, and aVF.",Does he experience shortness of breath when lying flat or does it wake him up at night?,EPISTEMIC,Here is the JSON requested: ```json,Acute decompensated heart failure with pulmonary edema,65,Papillary muscle rupture,90,Papillary muscle rupture,E,False,True,25,gemini,gemini-2.5-flash,step2&3,STOP,False,EPISTEMIC,GoogleGenAI,gemini-2.5-flash,1.771,,2026-04-27T13:11:17.275708+00:00
medqa_4,"A 63-year-old man comes to the physician for evaluation of fever and a nonproductive cough for the past 2 weeks. During this period, he has also had fatigue, myalgia, and difficulty breathing. Five weeks ago, he underwent an aortic prosthetic valve replacement due to high-grade aortic stenosis. The patient has a history of hypertension, asthma, and type 2 diabetes mellitus. A colonoscopy 2 years ago was normal. The patient has smoked one pack of cigarettes daily for the past 40 years. He has never used illicit drugs. Current medications include aspirin, warfarin, lisinopril, metformin, inhaled albuterol, and a multivitamin.","The patient appears lethargic. Temperature is 38.6°C (101.5°F), pulse is 105/min, and blood pressure is 140/60 mm Hg. Rales are heard on auscultation of the lungs. A grade 2/6, diastolic blowing murmur is heard over the left sternal border and radiates to the right sternal border. A photograph of his right index finger is shown. Laboratory studies show a leukocyte count of 13,800/mm3 and an erythrocyte sedimentation rate of 48 mm/h.",Has your difficulty breathing worsened when lying flat or woken you up at night?,EPISTEMIC,Here is the JSON requested:,Prosthetic valve endocarditis,65,Staphylococcus epidermidis,90,Staphylococcus epidermidis,B,False,True,25,gemini,gemini-2.5-flash,step2&3,STOP,False,EPISTEMIC,GoogleGenAI,gemini-2.5-flash,2.087,,2026-04-27T13:11:20.363683+00:00
medqa_11,"A 25-year-old woman, gravida 2, para 1, at 25 weeks' gestation comes to the emergency department because of a 1-day history of fever and right-sided flank pain. During this period, she also had chills, nausea, vomiting, and burning on urination. Her last prenatal visit was 10 weeks ago. Pregnancy and delivery of her first child were uncomplicated.","Her temperature is 39°C (102.2°F), pulse is 110/min, respirations are 20/min, and blood pressure is 110/70 mm Hg. Physical examination shows costovertebral angle tenderness on the right. The abdomen is soft and nontender, and no contractions are felt. Pelvic examination shows a uterus consistent in size with a 25-week gestation. Fetal heart rate is 170/min. Laboratory studies show:
Leukocyte count 15,000/mm3
Urine
Nitrite 2+
Protein 1+
Blood 1+
RBC 5/hpf
WBC 500/hpf
Blood and urine samples are obtained for culture and drug sensitivity.",Has she experienced any uterine contractions or changes in fetal movement?,EPISTEMIC,No contractions are felt. That information regarding changes in fetal movement is not available.,Acute pyelonephritis in pregnancy.,85,Inpatient treatment with intravenous ceftriaxone,95,Inpatient treatment with intravenous ceftriaxone,D,False,True,10,gemini,gemini-2.5-flash,step2&3,STOP,False,EPISTEMIC,GoogleGenAI,gemini-2.5-flash,2.352,,2026-04-27T13:11:23.717367+00:00
medqa_9,"A 4-year-old boy presents with a history of recurrent bacterial infections, including several episodes of pneumococcal sepsis. His family history is significant for 2 maternal uncles who died from similar symptoms.",Laboratory tests reveal undetectable serum levels of all isotypes of immunoglobulins and reduced levels of B cells.,"Has he had any prior immunological workup, specifically immunoglobulin levels or lymphocyte subset analysis?",EPISTEMIC,Here is the JSON requested: ```json,X-linked agammaglobulinemia (XLA),90,Bruton agammaglobulinemia,90,Bruton agammaglobulinemia,A,False,True,0,gemini,gemini-2.5-flash,step1,STOP,False,EPISTEMIC,GoogleGenAI,gemini-2.5-flash,2.263,,2026-04-27T13:11:26.982153+00:00
medqa_6,A 58-year-old male with a history of congestive heart failure and hypertension comes to you with the chief complaint of new-onset cough,as well as increased serum potassium in the setting of a new medication.,"Is the cough associated with any shortness of breath, especially when lying down?",EPISTEMIC,That information is not available.,Worsening congestive heart failure with pulmonary congestion,45,Lisinopril,85,Lisinopril,E,False,True,40,gemini,gemini-2.5-flash,step1,STOP,False,EPISTEMIC,GoogleGenAI,gemini-2.5-flash,1.839,,2026-04-27T13:11:29.823513+00:00
