id,context,ground_truth_question,generated_question,provider,model_id
t_cubodiv-0-c0-q1,"Brownish fluid when ejaculating
Age : 22
Sex: Male
Height : 5'5'' 
Weight: ~ 50 kg  
Race: Filipino
Duration of complaint: a week or so

I've recently noticed that when I masturbate I find a brownish fluid as part of my semen. I've only had one sexual partner in the past couple of months.",Was the sex you had unprotected?,"Is there any pain or discomfort associated with the ejaculation,",gemini,gemini-2.5-flash
t_cv21jko-0-c0-q1,"My mind opens up for atleast 1-3 days after I drink alcohol. Then goes back to my old groggy self. Can't find any information online about it anywhere.
Can anyone figure out what's wrong with me? It's so freaking strange. 

So basically any night that I drink... I don't even have to get that shit faced. No matter what the next 1-3 days I feel absolutely ecstatic. Everything in life amuses me. I'm constantly flooded with happy emotions and I become a social god. I randomly start recalling words I'd never normally use and can form intricate sentences on the fly aswell as holding full fledge intellectual conversations. 

It's like a plateau that slowly drops off. The first day after its the most intense then the second it's slightly diminished (60%) third day it's 30-40% then fourth day it's kinda there but not really. 

Its so strange and I don't know what it is. I want to ALWAYS be like this.  I feel like I become the perfect image of myself. It's saddening to slide down the subsequent days after and becoming my normal self. Stuff just doesn't interest me as much and my motivation/curiousity/intellectual ability gets severely reduced. 

Here's a summary of the emotions experienced. 

- Very happy. I go up to random people and be so  friendly for no reason at all. 
- Beyond motivated and willing to take on a lot of things. 
- Very well off socially. 
-Mind processes everything 2-3x as fast coming up with complex words and sentence structure/rebuttals. 

I can literally go on and on. My mind feels like it finally opens up and I can see the whole picture at once. I'm so confused. Anyone?

Also I swear to god I'm not trolling at all. While my friends are moaning on the couch about the night before I'm all over the place wanting to get the day 

It's like I'm missing something that should be there and it gets finally released. Maybe along the lines of dopamine receptors? I literally only saw one thread on a drug forum and it was from like 2007. 

What are my solutions to this?

L-Tyrosine? A multi vitamin ? Visiting a doctor? Some obscure nootropic?
I swear this isn't all in my head either because even if I forget this happens to me it happens anyway if you get what I mean, people around me have even noticed and commented how it's like talking to a different person. I put no effort in but I can perfectly argue my points with no hesitation and have an insane drive to explore,live and learn to better myself in every way possible. 

I hope anyone that reads this could input anything. 

Thanks so much guys.",Have you done any objective tests to confirm your performance in some way is measurably increased?,"Have you ever experienced similar periods of elevated mood,",gemini,gemini-2.5-flash
t_eb4xr2o-0-c0-q0,"Tested positive for streptococcus group B a 2nd time, what does this mean?
I had a routine STD test done and tested positive for streptococcus group B, my doctor said this was nothing to worry about and put me on some antibiotics and told me to come back in 2 weeks for a follow up urine test. Had my 2nd test this past weekend and my results came back positive for streptococcus group B again - was told to make another appointment for more treatments.

&amp;#x200B;

My questions are:

1) How common is it for antibiotics not to work in the treatment of streptococcus group B?

2) Could my fatty liver be a problem here or cause for concern? 

3) Can I be cured of my streptococcus group B permanently? 

4) How worried should I be? 

* Age: 30's 
* Sex: Male 
* Height: about 190cm
* Weight: 100kg
* Race: White 
* Duration of complaint: 1st test was 1 month ag0

Thank you.",What antibiotic were you prescribed?,What was the specific source or sample type of the initial,gemini,gemini-2.5-flash
t_cmypgzj-0-c0-q0,"my boyfriend makes me itch…please help
Hi there. I am 20 years old, a lady, and have had really bad full body 
(what my doctors are saying is eczema) for about a year now. i have been to my family doctor, 2 allergists, and a dermatologist who all want to give me the same creams that are not working. the problem is they are not taking seriously the reason as to why i itch, my boyfriend. i don't think they believe me when i say i started having these rashes all over my body when i first started dating him and i only itch when i am around him (which is a lot of the time) but anytime i am at home by myself the itch seems to go away. my boyfriend and i are on an experimental break right now and the skin improvements are almost unbelievable. i have had him change his detergent, soap products, all of that stuff. still nothing. sorry i do not have pictures for you, but I'm hoping some one has advice regardless, thank you!",If he has really changed everything such as soap...is he making you itch by just being around him?,Does the rash appear in specific areas of contact with your,gemini,gemini-2.5-flash
t_cuk1kde-0-c0-q0,"I have mild aortic stenosis. How much weight can I lift?
I'm 30 years old, 5'11, 193 pounds, Caucasian. My Doctor said I can lift 25 pounds but I feel he is overly conservative. I'd like to lift 75 pounds or so (bench and leg press) and I'm wondering if it's safe to do that. Thanks.","Have you seen a cardiologist, or just a primary care doctor?","Have you experienced any chest pain, shortness of breath,",gemini,gemini-2.5-flash
t_eb6dpsf-0-c0-q0,"24, Male, question about mental problem.
Hi, so I’m a 24 year old male and have been having this issue for a long time, maybe since I was around 8 years old, and I have never been able to figure out what is happening/wrong.  

Sometimes, at seemingly randomly times, I get a sensation between my eyes and my lower forehead that is hard to explain. It’s not necessarily painful, but it can be debilitating. When it happens, I can barely talk to people and I feel like I need to close my eyes or put pressure on the very top of the bridge of my nose or it won’t subside. Obviously I can’t do that in certain situations, like meetings or social interactions, so I can make it slightly more bearable by doing things like pinching my fingers or hand, clinching my jaw really hard, biting the inside of my cheek, etc. But obviously that can look weird in those situations anyway. 

The only time I  have ever asked about it was when I was young and my parents just thought it was a sinus infection. Obviously didn’t go away after treatment for that and I just never felt like asking them again. It’s obviously all in my head, but I just have no clue what it is or how to stop it and it can be very frustrating when It happens during important business meetings or even talking to a friend. It doesn’t happen too often, but enough for it to be a problem when it comes around.

It’s hard to explain, so I can answer any more questions about it that anyone might have.

Thanks",Have you had your eyes checked?,How long do these episodes typically last?,gemini,gemini-2.5-flash
t_eavzjcc-0-c0-q0,"Worried I’m not being treated properly by GP
I wrote a post recently about how I’ve been having episodes of dizziness, hearing dropouts amongst other issues, now they seem to be getting worse. I’ve been to my GP recently, who’d referred me for a mental health assessment. Now for the last few days I’ve been getting weird symptoms where I constantly feel fatigued, I feel like I’m rocking on a ship wether I’m stood up or sat down, and my tinnitus has been fluctuating. I’m pretty depressed so I can’t find the enthusiasm to beg someone to take me to A&amp;E, but I genuinely have no idea how my GP could think a mental health assessment is what I need primarily. I can barely think straight, though I’m not consciously stressed (used to feeling like shit), may be unrelated but I’ve been getting baaaad shin splints after walking for 5 minutes or less. I should add that I’ve put on a lot of weight recently, and am likely oversleeping whilst having wild vivid dreams. I’m just looking for some guidance, and possibly an anecdotal diagnosis?",Can you go to another doctor and get a second opinion?,"Have you experienced any recent headaches, vision",gemini,gemini-2.5-flash
t_drtfnm7-0-c0-q0,"I feel a pain around my chest that comes up randomly. My family thinks it's nothing, but I'm starting to worry.
I feel a pain around the area of my heart, and if I move too suddenly, like stretching, it gets worse. It's over in a minute, but it worries me nonetheless. Could it get worse?

From what I've gathered angina seems plausible, but I'm still unsure. I don't feel the pain constantly, only sometimes after I had a meal. The pain can occur after I've had ice-cream, for example. Could sweets be the cause in all this? I've heard about fat blocking arteries, but I don't eat many fatty foods. I'm a sugar tooth. 

When it comes to my weight, I don't get fat, and I eat a fairly healthy diet, such as fruits, vegetables and meat. I've heard of there being a greater risk for artery blockage if one doesn't gain weight easily, but it could be a myth. I'm 21 years old, which is why I doubt there is anything too serious, as I've heard it's more common for older adults to get a heart condition. I also exercise fairly regularly, and I've had physically craving jobs. My height is 5 1/2 ft, and I weigh about 121 pounds. I'm a female Caucasian. I have never had a serious disease before that has limited me in any way, nor a defect, nor an allergy of any kind. I've never needed operation or serious medication related to physical aspects. I take anti-depressants only, one and a half pills per day (which used to give me side effects in the beginning, such a fever and nausea, but is non-existent now), and dunno if it could play in. I don't have pictures as the pain is felt on the inside of my body.

What could be the issue?",Do you have acid reflux?,"Does the pain radiate to your arm, neck, jaw",gemini,gemini-2.5-flash
t_cwfcz0a-0-c0-q0,"passing large amounts of mucous and blood with little stool
I am a 20 year old caucasian female. 5'5"" 118lbs. current medication is just birth control. 

for the last 4 days I've been passing a lot of mucus with very little to no stool. At first they werent bloody, but the second day I noticed a small amount of blood on the tissue paper. Then I went again later that day and there was enough blood to turn the water red. No blood today. I went to my doctor and she said it was probably a bacterial infection and collected a stool sample. Of course the stool sample consisted of the only formed stool I've had in the last week (which was still very mucusy) so I'm afraid the diagnosis won't be accurate since the stool sample doesnt accurately represent the problem I'm having. She suggested probiotics. Any further help would be appreciated.",Have you spoken to your doctor about your concerns?,"Are you experiencing any abdominal pain, cramping, or ten",gemini,gemini-2.5-flash
t_ea11njd-0-c0-q1,"Are these symptoms as serious as they feel?
- Age: 33
- Sex: F
- Height: 5’5
- Weight: 140
- Duration of complaint: 1 month
- Any existing relevant medical issues: Tachycardia
- Current medications: Beta blocker, birth control

General symptoms that probably aren't related to anything here:

- Fatigue
- ""Flank"" pain
- Muscle soreness

I have an appointment with a cardiologist for the tachycardia, but it’s 3 months away. My blood pressure is normal. However, I’ve been having some scaryish symptoms lately and I’m not sure if I should wait that long for an appointment.

Last week I woke up in the middle of the night and was *absolutely sure* that I was dying and/or having a stroke. I’m positive that it wasn’t a nightmare and I don’t think it was a panic attack either because I felt calm at the time. I just had a very strong sense of something being really wrong. I was sort of confused, my arms and face felt weird, and I couldn’t stop seem to stop staring. My heart rate spiked and I think I was having palpitations. After ten or fifteen minutes I had the presence of mind to do the FAST thing.

It seemed to pass, but I did feel a bit off the next day.

A few days later, I was at work and had the same thing happen… although it came on a bit slower, was less severe, and only lasted for an hour or so.

Last night I woke up EXTREMELY dizzy. As in, could not walk because I was too dizzy. No other symptoms. I drank some water and sat up right for a bit and it leveled out enough for me to be able to get up and move. I still feel a bit dizzy right now, but nothing like it was this morning or last night.

Does anyone know what might be happening here? Should I wait for the cardiologist? My PCP didn’t seem that concerned when I told him about my symptoms, but these little events have been pretty debilitating when they occur.",When you say you thought you were dying - were you having chest pain or short of breath perhaps? Feeling of doom? I would recommend going to the ED if this should happen again.,"Can you describe in more detail what ""arms",gemini,gemini-2.5-flash
t_cxwmzix-0-c0-q0,"Alright Reddit. Too stubborn to visit a doctor, but i need to know if i should or not.
19 year old Caucasian male, 5'9 190 pounds. BpM is consistently hovering around 120. Ive been sitting for a good 10-15 min trying to relax, and im taking my bpm right now. 27 beats in 15 seconds. No irregular heart rythm. This has been going on a week to two weeks. Ive been trying to hydrate and take it easy, no results. No medications, but suspected IBS for about a year now. Stomach constantly hurting, especially after meals. Been ignoring it and dismissive. My question is, could these be related? Is my suspected IBS, really not IBS? Could it be deeper than that? No fever, night sweats, or chills. Frequently throw up from stomach pains, about 1-2 times a week. No specific pain in any quadrant of my abdomen, its in all 4. Might be a little worse, in the upper left quadrant, im not sure. Im trying to stay unbiased and objective here. Do i need to see a physician, and how urgently? I havnt told friends or family. I try to tough things out. But at work today i had to take a minute. Thanks for the help.",So why are you stubborn about seeing a doctor?,Have you experienced any unintentional weight loss over,gemini,gemini-2.5-flash
t_faire7g-0-c0-q0,"Severe pain in feet / jaw
This is my first post here, so it will probably be formatted wrong, sorry

I am 17M caucasian and about 145lbs/65kg, this is hard to explain but I will try my best

While this does not happen often, maybe once a month, it causes excruciating pain for minutes at a time. What happens is that I randomly get pains in my feet/jaw (nowhere else, idk why), and i have always noticed that the bone protrudes out of the area the pain is in (like areas that don't normally have bone, do).

This isn't a high priority because of the frequency in which it occurs, but I would still like to know what it is, if possible. Thank you for taking your time to read this

Edit: the bone in my foot hurting is the 1st metatarsal",What are you describing here?,"Can you describe exactly what you mean by ""bone protr",gemini,gemini-2.5-flash
t_ch9nfa4-0-c0-q0,"Join the /r/AskDocs team!
We are currently a small subreddit, but we would like for that to change. We want your help to grow our subreddit so we can reach out to the users of reddit and help them with their medical questions. If you are a doctor, medical student, nurse, or another type of medical professional we would like for you to join our staff of approved users and mods. Please PM us with proof of your medical credentials, this can be a hospital ID card, medical school diploma, etc. Please be sure to include your reddit ID and remove any personal information.",Hi! do you guys want EMT's as well?,What is the patient's chief complaint,gemini,gemini-2.5-flash
t_chp9qg5-0-c0-q0_relevance,"Might be constipated, but have still been able to go #2.
I've been constipated before, so I know what it feels like, but I just feel really weird this time. Ever since I had my daughter almost a year ago, I have never been so constipated all the time. Something definitely got messed up at some point in there because it's never been the same pre baby. 

So I've taken milk of magnesia and it usually helps within the day, sometimes (rarely) the next morning and I never take more than 2-4 tbsp the entire day. I haven't in probably over a month because I've been taking a colon cleanse pill to help keep me regular and boy has it. I've never been more grateful for an easy bowel movement..but probably for the last week or so, I feel so stopped up. I had 2-3 BM's the other day, but very little each time. I had a slightly better one this morning and at least 1 small one every other day. This isn't normal for me, and it's lasted longer than normal so I'm a little worried. 

I still have the colon cleanse pills (took one this morning), milk of mag., and I have a do-it-yourself enema in case I just *can't*. My stomach feels super nauseous often, and anymore I just don't feel good. I know I'm not getting sick as far as anything that's been going around. I'm a generally healthy person and I'm even up to date with vaccines as well as my daughter. I've even tried to eat a big meal and usually soon after it helps push it out, but it just sits there now. 

Here are my stats:
white/25/f

5'6""

209lbs (i know, i'm actually working on it) ((plus i've gained a few from this))

Lasting so far about a week

Live in Kentucky

Entire abdomen achy/not feeling well

No previous medical issues and no medications, but am taking a colon cleanse pill, garcinia cambogia, and benadryl (sometimes). The others are every morning.","Can you describe any recent changes or stressors in your life that may be contributing to your constipation, and have you experienced any relief from the colon cleanse pills or milk of magnesia?",Have you passed any gas or had any bowel,gemini,gemini-2.5-flash
t_ghem7ws-0-c0-q2_original,"Feeling nauseous with no outcome?
hey guys, i’m 18 &amp; female (they/them pronouns if you don’t mind though please). i weigh about 110lbs and am 5’4. i don’t have any super serious medical history, just some kidney issues here and there. 


lately, i’ve been getting really nauseous randomly. i’ve gagged from it, but i won’t throw up. if just feels like i need to. i’ve never experienced anything like this and it’s been going on for 3 days. it’s especially bad in the mornings. 


in late november, i had unprotected sex on a whim. and i’ve been convincing myself i’m pregnant. is my nausea (or lack there of.. i guess?) an early sign of pregnancy? or something totally unrelated. 


i live in a small town and really don’t want to go to the hospital for something so small. we don’t have walk in clinics here, or a doctors office.",Also just to clarify you haven’t actually been able to puke anything up!,Have you taken a home pregnancy test?,gemini,gemini-2.5-flash
t_ggunu3z-0-c0-q1_relevance,"Feeling someone touch me while laying in bed st night
I am male. 15 years old. I weight 66kg and i am 184cm tall. I noticed that when I lay in bed at night trying to fall asleep I sometimes feel someone touch me and the touch is called. i thought it was cuz I was basically in a dream state but when it happens it happens when I am not even near falling asleep. What could be going on?","Have you been experiencing any anxiety or stress lately, and do you notice if these sensations of being touched occur more frequently when you're under pressure or feeling overwhelmed?",Can you describe the exact sensation of the touch,gemini,gemini-2.5-flash
t_cttcmms-0-c0-q0_answerability,"Bent penis (not Peyronie's)
Throwaway just because... 

I'm 18, obviously male, and ever since I could get an erection, all my erections happen where my penis becomes extremely stiff, not bendable, and points almost straight up (around 30 degrees out if my stomach was the origin point).  As hard as I try to bend it below what would be straight out, with a full on erection, it will not comply. It doesn't allow for bending below what would be straight out, and if I were to try to do so and let go, it would snap back at my abdomen like a catapult. When I try to bend it to the right or left, it does the same thing. I never feel any pain when i have an erection though, nor does it curve or bend unnaturally, hence how I know it's not Peyronie's. I'm just wondering, is there anything I can do to get it to erect ""normally"" and have it move around and bend at will without it wanting to go back to a set spot everytime? Or am I just cursed with this ultra stiff penis forever. 

Thanks!!","Can you describe your typical daily activities and any regular exercises or sports you participate in, such as weightlifting or contact sports?",Does this fixed upward angle interfere with sexual activity,gemini,gemini-2.5-flash
t_cmg4ery-0-c0-q0_answerability,"What does Melena smell like? Scared. 24/F
Hi, I am 24 years old, female, 5'5'' 130lbs and asian.

I pigged out over thanksgiving and the day after. I ate, slept, ate, slept, ate, and slept. I've had a stomach ache all day today and went to the bathroom about 6 times today. First two produced dark stools and the ones afterwards all had blood in it. First it was dark blood mixed in and then bright... it all came out very smooth so I do not believe it was from hard stool poking my butt and causing bleeding that way. I asked a friend who went to med school and she is wondering if it was Melena. It did smell very sweet during one of my trips to the bathroom.

I am freaking out. I have no insurance. I would appreciate any advice!","Can you tell me more about the abdominal pain you're experiencing, such as when it started, how long it lasts, and if it's constant or comes and goes?","Are you experiencing any dizziness, lightheadedness",gemini,gemini-2.5-flash
t_eagvbu1-0-c0-q0_avoidbias,"Why do I have random pains when I breathe
Sex: M age: 15 weight: 155 pounds height 5.6 ft Every now and then I might get random pains below my chest but above my stomach I will get hard pain and it hurts to breath then 4 seconds later everything goes back to normal I do have asthma and this has been happening as long as I can remember so is this a normal thing? Or is something else happening","Can you describe any other symptoms or sensations that occur before, during, or after these episodes of random pain, and have you noticed any triggers or patterns that might be associated with them, such as physical activity, certain foods, or stress?",Does the pain worsen with deep breaths or specific,gemini,gemini-2.5-flash
t_ghgqodt-0-c0-q1_answerability,"[25F] GI Issues for 2+ Years (connected to allergies and hormonal acne?)
I'm considering seeing a homeopathic doctor because my body has been acting up for a while now, and I think it may all be connected. Would appreciate any thoughts or feedback on what might be going on.

\[25, Female, 5'2"", 125 lbs, South Asian, lives in America\]

\[current medications: Levothyroxine, Famotidine, Aller-tec. Taking seniors multivitamin and Vitamin D regularly\]

To lay it out as concisely as possible:

2016 - Went to dermatologist for both bad acne and weird red bumps that formed on my hands and feet every few weeks. Did multiple blood tests and no cause was found.

Nov 2016 - Diagnosed with Hashimoto's Disease, started taking Levothyroxine every morning since.

April 2019 - Went to the ER after throwing up 12-14 times within a few hours; may have been due to overeating the night before with lots of oily food, but food was digested by the time I threw up so I guessed it wasn't food poisoning. At the ER they tested my blood and urine and couldn't find a root cause. Started taking Omeprazole after this, continued taking for 6 months straight.

May 2019 - Skin started feeling very itchy and when I scratched, huge swollen welts formed where my nails were. Started taking allergy medicine since then; even now when I try to go off it, my skin goes back to being extremely itchy and sensitive. Went to an allergist in Aug 2019 who guessed it was histamine related to my GI issues and said to wait it out.

Sep 2019 - Did an endoscopy after a 12 hour fast but they found undigested food still in my stomach. Next week, did an endoscopy after a 24 hour fast and they couldn't find anything wrong. My allergist's hypothesis was H Pylori but this was ruled out. They suggested I have gastroparesis and to eat frequent, smaller meals which I still try to stick to.

In summary, my stomach has been acting up since May 2019 and I'm still taking anti-acid medicine (now Famotidine) to avoid getting bad acidity every night. I try to avoid fatty, spicy, and oily foods, as well as dairy and sugar (but I'm not perfect at this yet). My skin still needs allergy medicine to avoid becoming extremely itchy. My acne has gotten worse this year, concentrated around my cheeks and chin, which suggests hormonal acne (I'm not on birth control) and during my periods I sometimes have extremely painful cramps that make me feel faint. On top of these I generally feel drained and lethargic and have difficulty concentrating on a daily basis (I've wondered if I have ADHD). I did go to therapy from Jan - May 2019 which helped mentally but not physically.

I believe my skin, stomach, and mood could all be connected but I've been pinged around by health specialists all last year and need someone to just look at all my symptoms together as a whole. Any advice would be extremely appreciated!!","Can you describe what happens when you try to stop taking Famotidine - do your stomach symptoms return, and if so, how long does it take for them to come back?","What specific GI symptoms are you experiencing daily, and",gemini,gemini-2.5-flash
