id,question,label,raw_response,provider,model,latency_seconds,timestamp,error
medqa_0982,What is the assumed diagnosis in this case?,EPISTEMIC,EPISTEMIC,gemini,gemini-2.5-flash,2.09,2026-04-30T15:35:07.759466+00:00,
medqa_0982,"Are there any signs or symptoms of systemic inflammation, such as fever, tachycardia, or elevated inflammatory markers?",EPISTEMIC,EPISTEMIC,gemini,gemini-2.5-flash,2.541,2026-04-30T15:35:11.302201+00:00,
medqa_0982,"Are there any specific imaging findings beyond the pleural effusion, such as pleural thickening, nodules, or signs of chest wall invasion?",EPISTEMIC,EPISTEMIC,gemini,gemini-2.5-flash,2.366,2026-04-30T15:35:14.670537+00:00,
medqa_0799,What are the patient's current blood pressure and heart rate?,EPISTEMIC,EPISTEMIC,gemini,gemini-2.5-flash,3.989,2026-04-30T15:35:19.661703+00:00,
medqa_0799,What is the patient's cardiac rhythm?,EPISTEMIC,EPISTEMIC,gemini,gemini-2.5-flash,2.062,2026-04-30T15:35:22.726458+00:00,
medqa_0799,What are the EKG findings?,EPISTEMIC,EPISTEMIC,gemini,gemini-2.5-flash,1.991,2026-04-30T15:35:25.719050+00:00,
medqa_1095,What specific pathology was identified on the CT scan?,EPISTEMIC,EPISTEMIC,gemini,gemini-2.5-flash,1.764,2026-04-30T15:35:28.485237+00:00,
medqa_1095,Is the defect located on the medial or lateral aspect of the left rectus abdominis muscle?,EPISTEMIC,EPISTEMIC,gemini,gemini-2.5-flash,2.08,2026-04-30T15:35:31.567462+00:00,
medqa_1095,Does the CT scan report indicate any involvement or integrity of the linea alba in relation to the defect?,EPISTEMIC,EPISTEMIC,gemini,gemini-2.5-flash,3.737,2026-04-30T15:35:36.307096+00:00,
medqa_1228,Has the patient experienced any headaches or changes in vision?,EPISTEMIC,EPISTEMIC,gemini,gemini-2.5-flash,1.703,2026-04-30T15:35:39.011729+00:00,
medqa_1228,"What were the findings on brain imaging (e.g., MRI or CT)?",EPISTEMIC,EPISTEMIC,gemini,gemini-2.5-flash,1.797,2026-04-30T15:35:41.811398+00:00,
medqa_1228,Has the patient experienced any changes in appetite or weight gain?,EPISTEMIC,EPISTEMIC,gemini,gemini-2.5-flash,1.808,2026-04-30T15:35:44.621356+00:00,
medqa_1054,Does the pain worsen when you lift your arm overhead or out to the side?,EPISTEMIC,EPISTEMIC,gemini,gemini-2.5-flash,1.786,2026-04-30T15:35:47.410666+00:00,
medqa_1054,"Do you experience any weakness when trying to lift your arm, or does it feel like it 'catches' or 'gives way'?",ALEATORIC,ALEATORIC,gemini,gemini-2.5-flash,1.887,2026-04-30T15:35:50.300373+00:00,
medqa_1054,"Do you experience pain at rest, especially at night, or when lying on the affected side?",EPISTEMIC,EPISTEMIC,gemini,gemini-2.5-flash,1.815,2026-04-30T15:35:53.117262+00:00,
medqa_0215,"Are there any other associated symptoms such as pain with urination, fever, or blood in the urine?",EPISTEMIC,EPISTEMIC,gemini,gemini-2.5-flash,1.699,2026-04-30T15:35:55.818052+00:00,
medqa_0215,"Does the patient experience any other urinary symptoms such as urgency, hesitancy, weak stream, or nocturia?",EPISTEMIC,EPISTEMIC,gemini,gemini-2.5-flash,1.906,2026-04-30T15:35:58.726394+00:00,
medqa_0215,"Does the patient have any significant medical history, such as diabetes, hypertension, or neurological conditions, or is he currently taking any medications?",EPISTEMIC,EPISTEMIC,gemini,gemini-2.5-flash,1.871,2026-04-30T15:36:01.600271+00:00,
medqa_0155,"What specific behaviors are you observing, and are there any associated physical symptoms like fever, agitation, or changes in his eyes or skin?",EPISTEMIC,EPISTEMIC,gemini,gemini-2.5-flash,1.839,2026-04-30T15:36:04.441188+00:00,
medqa_0155,"What is the timeline of symptom onset and progression, and is there any known history of psychiatric illness or substance use?",EPISTEMIC,EPISTEMIC,gemini,gemini-2.5-flash,1.831,2026-04-30T15:36:07.274791+00:00,
medqa_0155,"Did Jacob consume any new or unknown substances, drinks, or foods at the party, or are there any other individuals from the party experiencing similar symptoms?",EPISTEMIC,EPISTEMIC,gemini,gemini-2.5-flash,1.803,2026-04-30T15:36:10.080406+00:00,
medqa_0886,Are you currently sexually active?,EPISTEMIC,EPISTEMIC,gemini,gemini-2.5-flash,1.824,2026-04-30T15:36:12.906740+00:00,
medqa_0886,When was your last menstrual period?,EPISTEMIC,EPISTEMIC,gemini,gemini-2.5-flash,1.849,2026-04-30T15:36:15.758858+00:00,
medqa_0886,Have you been consistently taking your birth control as prescribed?,EPISTEMIC,EPISTEMIC,gemini,gemini-2.5-flash,1.896,2026-04-30T15:36:18.658284+00:00,
medqa_0640,What is the patient's blood lead level?,EPISTEMIC,EPISTEMIC,gemini,gemini-2.5-flash,1.8,2026-04-30T15:36:21.460585+00:00,
medqa_0640,"Does the patient exhibit any signs of lead encephalopathy, such as seizures, altered mental status, or persistent vomiting?",EPISTEMIC,EPISTEMIC,gemini,gemini-2.5-flash,1.83,2026-04-30T15:36:24.292591+00:00,
medqa_0640,Are the patient's abdominal cramps severe enough to prevent the administration of oral medication?,EPISTEMIC,EPISTEMIC,gemini,gemini-2.5-flash,2.921,2026-04-30T15:36:28.216367+00:00,
medqa_0004,"Are these symptoms seasonal, or do you experience other allergy symptoms like sneezing or a runny nose?",EPISTEMIC,EPISTEMIC,gemini,gemini-2.5-flash,1.81,2026-04-30T15:36:31.029262+00:00,
medqa_0004,How much do these symptoms bother you or interfere with your daily activities?,ALEATORIC,ALEATORIC,gemini,gemini-2.5-flash,1.839,2026-04-30T15:36:33.870962+00:00,
medqa_0004,"Do you have any history of glaucoma, cataracts, or other significant eye conditions?",EPISTEMIC,EPISTEMIC,gemini,gemini-2.5-flash,1.782,2026-04-30T15:36:36.655271+00:00,
medqa_0141,"Are there any other symptoms such as weight gain, changes in body fat distribution, skin changes, or menstrual irregularities?",EPISTEMIC,EPISTEMIC,gemini,gemini-2.5-flash,1.799,2026-04-30T15:36:39.456401+00:00,
medqa_0141,What are the patient's baseline plasma ACTH levels?,EPISTEMIC,EPISTEMIC,gemini,gemini-2.5-flash,1.799,2026-04-30T15:36:42.257710+00:00,
medqa_0141,"Have any initial screening tests for hypercortisolism, such as 24-hour urinary free cortisol or late-night salivary cortisol, been performed, and what were the results?",EPISTEMIC,EPISTEMIC,gemini,gemini-2.5-flash,1.701,2026-04-30T15:36:44.960880+00:00,
medqa_0090,"Have you had any recent travel to tropical or subtropical regions, or do you regularly consume raw or undercooked fish?",EPISTEMIC,EPISTEMIC,gemini,gemini-2.5-flash,1.859,2026-04-30T15:36:47.821917+00:00,
medqa_0090,"Have you had any contact with freshwater bodies, such as lakes, rivers, or ponds, during your time in Uganda?",EPISTEMIC,EPISTEMIC,gemini,gemini-2.5-flash,1.857,2026-04-30T15:36:50.683036+00:00,
medqa_0090,"Have you experienced any fever, rash, or cough since these symptoms began?",EPISTEMIC,EPISTEMIC,gemini,gemini-2.5-flash,1.885,2026-04-30T15:36:53.571325+00:00,
medqa_0655,What is the specific location of the insulinoma within the pancreas?,EPISTEMIC,EPISTEMIC,gemini,gemini-2.5-flash,1.815,2026-04-30T15:36:56.388165+00:00,
medqa_0655,Is the primary purpose of cutting the ligament to gain entry into the lesser sac?,EPISTEMIC,EPISTEMIC,gemini,gemini-2.5-flash,3.208,2026-04-30T15:37:00.598654+00:00,
medqa_0655,Is the division of the gastrohepatic ligament the primary and most direct route to access the lesser sac for a lesion in the body of the pancreas?,EPISTEMIC,EPISTEMIC,gemini,gemini-2.5-flash,1.95,2026-04-30T15:37:03.551736+00:00,
medqa_0097,"Has the patient experienced similar infections in the past, and if so, was the same pathogen identified?",EPISTEMIC,EPISTEMIC,gemini,gemini-2.5-flash,1.735,2026-04-30T15:37:06.289456+00:00,
medqa_0097,"Does the patient have a history of other recurrent bacterial infections, particularly those typically cleared by antibody responses?",EPISTEMIC,EPISTEMIC,gemini,gemini-2.5-flash,2.031,2026-04-30T15:37:09.322962+00:00,
medqa_0097,"Was the patient's immune status, particularly antibody levels or B-cell count, ever assessed, either during the previous infection or as part of a general workup?",EPISTEMIC,EPISTEMIC,gemini,gemini-2.5-flash,1.745,2026-04-30T15:37:12.070468+00:00,
medqa_0777,"Are there any associated symptoms like significant fatigue, sleep disturbances, or mood changes?",EPISTEMIC,EPISTEMIC,gemini,gemini-2.5-flash,1.919,2026-04-30T15:37:14.992180+00:00,
medqa_0777,"What were the findings on physical examination, particularly regarding tender points or joint swelling?",EPISTEMIC,EPISTEMIC,gemini,gemini-2.5-flash,1.932,2026-04-30T15:37:17.926807+00:00,
medqa_0777,"Have any other treatments, pharmacological or non-pharmacological, been attempted for her pain, fatigue, or sleep disturbances, and if so, what were the outcomes?",EPISTEMIC,EPISTEMIC,gemini,gemini-2.5-flash,1.752,2026-04-30T15:37:20.681699+00:00,
medqa_1245,Does the patient have any history of asbestos exposure?,EPISTEMIC,EPISTEMIC,gemini,gemini-2.5-flash,2.121,2026-04-30T15:37:23.805359+00:00,
medqa_1245,What were the results of the pleural fluid cytology?,EPISTEMIC,EPISTEMIC,gemini,gemini-2.5-flash,1.97,2026-04-30T15:37:26.777218+00:00,
medqa_1245,"What were the findings on the patient's chest imaging (e.g., CT scan)?",EPISTEMIC,EPISTEMIC,gemini,gemini-2.5-flash,1.783,2026-04-30T15:37:29.562752+00:00,
medqa_0893,"Does the patient have any known allergies, particularly to penicillin?",EPISTEMIC,EPISTEMIC,gemini,gemini-2.5-flash,1.78,2026-04-30T15:37:32.344591+00:00,
medqa_0893,"Does the patient have any history of adverse reactions to clavulanate, such as severe gastrointestinal upset?",EPISTEMIC,EPISTEMIC,gemini,gemini-2.5-flash,1.738,2026-04-30T15:37:35.084925+00:00,
medqa_0893,What is the depth and extent of the dog bite wound on the hand?,EPISTEMIC,EPISTEMIC,gemini,gemini-2.5-flash,1.863,2026-04-30T15:37:37.951001+00:00,
medqa_0884,"Are we specifically referring to proteins destined for secretion outside the cell, or any protein synthesized by the cell?",ALEATORIC,ALEATORIC,gemini,gemini-2.5-flash,1.701,2026-04-30T15:37:40.654238+00:00,
medqa_0884,What specific molecular signal directs ribosomes synthesizing secretory proteins to the rough endoplasmic reticulum?,EPISTEMIC,EPISTEMIC,gemini,gemini-2.5-flash,1.848,2026-04-30T15:37:43.504787+00:00,
medqa_0884,What would be the consequence if a protein destined for secretion was synthesized on free ribosomes in the cytosol instead of ribosomes bound to the rough endoplasmic reticulum?,ALEATORIC,ALEATORIC,gemini,gemini-2.5-flash,1.779,2026-04-30T15:37:46.286266+00:00,
medqa_1069,"How long have you noticed this mass, and has it changed in size or character since you first found it?",EPISTEMIC,EPISTEMIC,gemini,gemini-2.5-flash,1.848,2026-04-30T15:37:49.136315+00:00,
medqa_1069,Is the mass mobile or fixed within the breast tissue?,EPISTEMIC,EPISTEMIC,gemini,gemini-2.5-flash,1.754,2026-04-30T15:37:51.892281+00:00,
medqa_1069,"Is the mass firm, rubbery, or hard to the touch?",EPISTEMIC,EPISTEMIC,gemini,gemini-2.5-flash,1.829,2026-04-30T15:37:54.723754+00:00,
medqa_0925,Was there any delay in the separation of the umbilical cord?,EPISTEMIC,EPISTEMIC,gemini,gemini-2.5-flash,1.881,2026-04-30T15:37:57.606565+00:00,
medqa_0925,"Are the recurrent bacterial infections typically associated with significant pus formation, or are they often described as 'cold' abscesses or cellulitis with minimal pus?",EPISTEMIC,EPISTEMIC,gemini,gemini-2.5-flash,1.858,2026-04-30T15:38:00.467444+00:00,
medqa_0925,"Does the patient exhibit any unusual hair, skin, or eye pigmentation, such as silvery hair or very light skin/eyes?",EPISTEMIC,EPISTEMIC,gemini,gemini-2.5-flash,2.07,2026-04-30T15:38:03.539538+00:00,
medqa_1159,Is there any evidence of crepitus on abdominal examination or gas in the bowel wall or peritoneum on imaging?,EPISTEMIC,EPISTEMIC,gemini,gemini-2.5-flash,2.014,2026-04-30T15:38:06.556139+00:00,
medqa_1159,"Is there any evidence of bowel ischemia or necrosis, such as elevated lactate, imaging findings of bowel wall thickening, or portal venous gas?",EPISTEMIC,EPISTEMIC,gemini,gemini-2.5-flash,1.74,2026-04-30T15:38:09.299172+00:00,
medqa_1159,"Is there any history of recent abdominal surgery, trauma, or underlying bowel pathology such as diverticulitis or malignancy?",EPISTEMIC,EPISTEMIC,gemini,gemini-2.5-flash,1.97,2026-04-30T15:38:12.270981+00:00,
medqa_0758,Could you please describe the specific cardiac findings?,EPISTEMIC,EPISTEMIC,gemini,gemini-2.5-flash,1.799,2026-04-30T15:38:15.072005+00:00,
medqa_0758,"Has the patient undergone any gastrointestinal evaluation or screening, such as a colonoscopy?",EPISTEMIC,EPISTEMIC,gemini,gemini-2.5-flash,2.307,2026-04-30T15:38:18.381865+00:00,
medqa_0758,What were the results of the patient's blood cultures?,EPISTEMIC,EPISTEMIC,gemini,gemini-2.5-flash,1.743,2026-04-30T15:38:21.127959+00:00,
medqa_0451,What specific medication are we discussing in relation to this patient's presentation?,EPISTEMIC,EPISTEMIC,gemini,gemini-2.5-flash,1.806,2026-04-30T15:38:23.935930+00:00,
medqa_0451,What is the primary therapeutic effect of Cilostazol that directly addresses the patient's cramping pain in the calves?,EPISTEMIC,EPISTEMIC,gemini,gemini-2.5-flash,1.805,2026-04-30T15:38:26.744320+00:00,
medqa_0451,"Beyond its effect on platelet aggregation, what other major pharmacological action of Cilostazol contributes to its efficacy in peripheral artery disease?",EPISTEMIC,EPISTEMIC,gemini,gemini-2.5-flash,1.832,2026-04-30T15:38:29.579048+00:00,
medqa_0050,"Are we specifically discussing the effects of ionizing radiation, such as X-rays or gamma rays, on cancer cells?",ALEATORIC,ALEATORIC,gemini,gemini-2.5-flash,1.952,2026-04-30T15:38:32.533583+00:00,
medqa_0050,"Beyond double-stranded DNA breaks, does ionizing radiation also induce other forms of DNA damage, such as base modifications or single-stranded breaks, and if so, are these other forms considered equally or more critical for the therapeutic effect in cancer cells?",EPISTEMIC,EPISTEMIC,gemini,gemini-2.5-flash,1.798,2026-04-30T15:38:35.334562+00:00,
medqa_0050,What is the primary cellular consequence of these double-stranded DNA breaks that ultimately leads to the death of cancer cells?,EPISTEMIC,EPISTEMIC,gemini,gemini-2.5-flash,1.872,2026-04-30T15:38:38.208813+00:00,
medqa_1119,Can you point to the exact spot on your knee where the pain is worst?,EPISTEMIC,EPISTEMIC,gemini,gemini-2.5-flash,1.813,2026-04-30T15:38:41.024210+00:00,
medqa_1119,"Does the pain worsen with activities that involve repetitive knee flexion and extension, such as climbing stairs or running?",EPISTEMIC,EPISTEMIC,gemini,gemini-2.5-flash,1.922,2026-04-30T15:38:43.949100+00:00,
medqa_1119,Is the painful area tender to touch or direct pressure?,EPISTEMIC,EPISTEMIC,gemini,gemini-2.5-flash,1.901,2026-04-30T15:38:46.852704+00:00,
medqa_0222,Does the patient have a history of heart failure?,EPISTEMIC,EPISTEMIC,gemini,gemini-2.5-flash,1.532,2026-04-30T15:38:49.386725+00:00,
medqa_0222,Has the patient experienced any recent weight gain?,EPISTEMIC,EPISTEMIC,gemini,gemini-2.5-flash,1.879,2026-04-30T15:38:52.267755+00:00,
medqa_0222,Does the patient have any swelling in her legs or ankles?,EPISTEMIC,EPISTEMIC,gemini,gemini-2.5-flash,1.803,2026-04-30T15:38:55.072475+00:00,
medqa_0206,What level of statistical significance or confidence is considered 'high probability' for linkage in the context of this research study?,EPISTEMIC,EPISTEMIC,gemini,gemini-2.5-flash,1.982,2026-04-30T15:38:58.056504+00:00,
medqa_0206,What is the typical range of recombination fraction (theta) that would be considered 'closely linked' in the context of this research study?,EPISTEMIC,EPISTEMIC,gemini,gemini-2.5-flash,1.91,2026-04-30T15:39:00.968487+00:00,
medqa_0206,What is the general interpretation of a LOD score of 0 or a negative LOD score in genetic linkage analysis?,EPISTEMIC,EPISTEMIC,gemini,gemini-2.5-flash,1.823,2026-04-30T15:39:03.794306+00:00,
medqa_1134,What was the initial event or suspected cause of the foot ulcer?,EPISTEMIC,EPISTEMIC,gemini,gemini-2.5-flash,1.702,2026-04-30T15:39:06.498429+00:00,
medqa_1134,Is there any purulent discharge or pus associated with the ulcer?,EPISTEMIC,EPISTEMIC,gemini,gemini-2.5-flash,1.709,2026-04-30T15:39:09.209491+00:00,
medqa_1134,"Does the patient have any underlying medical conditions, such as diabetes or immunocompromise?",EPISTEMIC,EPISTEMIC,gemini,gemini-2.5-flash,1.618,2026-04-30T15:39:11.829541+00:00,
medqa_0322,Are the falls predominantly backward?,EPISTEMIC,EPISTEMIC,gemini,gemini-2.5-flash,1.785,2026-04-30T15:39:14.616934+00:00,
medqa_0322,"Does the patient report any difficulty with eye movements, especially looking up or down?",EPISTEMIC,EPISTEMIC,gemini,gemini-2.5-flash,1.951,2026-04-30T15:39:17.570697+00:00,
medqa_0322,Does the patient experience any difficulties with speech or swallowing?,EPISTEMIC,EPISTEMIC,gemini,gemini-2.5-flash,1.8,2026-04-30T15:39:20.372980+00:00,
medqa_0951,"How ready are you to quit smoking at this time, and have you tried quitting before?",ALEATORIC,ALEATORIC,gemini,gemini-2.5-flash,2.13,2026-04-30T15:39:23.505559+00:00,
medqa_0951,"What methods have you used in your previous attempts to quit smoking, and what were your experiences with them?",EPISTEMIC,EPISTEMIC,gemini,gemini-2.5-flash,1.985,2026-04-30T15:39:26.492202+00:00,
medqa_0951,"Do you have any history of mental health conditions, such as depression or anxiety, or are you currently taking any medications?",EPISTEMIC,EPISTEMIC,gemini,gemini-2.5-flash,1.858,2026-04-30T15:39:29.352814+00:00,
medqa_0208,What type of pathogen or disease is DN501 intended to treat?,EPISTEMIC,EPISTEMIC,gemini,gemini-2.5-flash,1.949,2026-04-30T15:39:32.303604+00:00,
medqa_0208,"Does DN501 primarily target a viral protein, a host cell protein, or both?",EPISTEMIC,EPISTEMIC,gemini,gemini-2.5-flash,1.958,2026-04-30T15:39:35.263879+00:00,
medqa_0208,What is the ultimate effect of DN501's action on the infectivity of newly formed viral particles?,EPISTEMIC,EPISTEMIC,gemini,gemini-2.5-flash,2.017,2026-04-30T15:39:38.283898+00:00,
medqa_0872,"What is the specific location of the gunshot wound in the abdomen, or which major vessel is primarily injured?",EPISTEMIC,EPISTEMIC,gemini,gemini-2.5-flash,1.779,2026-04-30T15:39:41.065198+00:00,
medqa_0872,"Is there any evidence of injury to the celiac trunk itself, or is the laceration strictly confined to the splenic artery at its origin?",EPISTEMIC,EPISTEMIC,gemini,gemini-2.5-flash,1.673,2026-04-30T15:39:43.740963+00:00,
medqa_0872,Are the origins of the left gastric artery and common hepatic artery from the celiac trunk confirmed to be patent and uncompromised?,EPISTEMIC,EPISTEMIC,gemini,gemini-2.5-flash,1.945,2026-04-30T15:39:46.687966+00:00,
medqa_0507,"Does the patient have any risk factors for drug-resistant organisms, or is he critically ill requiring ICU admission?",EPISTEMIC,EPISTEMIC,gemini,gemini-2.5-flash,1.735,2026-04-30T15:39:49.425737+00:00,
medqa_0507,"Does the patient have any specific risk factors for MRSA, such as prior MRSA infection or colonization, recent hospitalization, or residence in a long-term care facility?",EPISTEMIC,EPISTEMIC,gemini,gemini-2.5-flash,1.994,2026-04-30T15:39:52.422278+00:00,
medqa_0507,Are there any preliminary Gram stain results from respiratory secretions available?,EPISTEMIC,EPISTEMIC,gemini,gemini-2.5-flash,1.763,2026-04-30T15:39:55.187602+00:00,
medqa_0681,Has she had any prior history of blood clots or recurrent miscarriages?,EPISTEMIC,EPISTEMIC,gemini,gemini-2.5-flash,1.627,2026-04-30T15:39:57.816616+00:00,
medqa_0681,"Has she experienced any unusual bleeding, such as easy bruising, nosebleeds, or prolonged bleeding after minor cuts?",EPISTEMIC,EPISTEMIC,gemini,gemini-2.5-flash,1.978,2026-04-30T15:40:00.796711+00:00,
medqa_0681,"Is there any imaging evidence (e.g., ultrasound) confirming a deep vein thrombosis in her left leg?",EPISTEMIC,EPISTEMIC,gemini,gemini-2.5-flash,1.746,2026-04-30T15:40:03.546516+00:00,
medqa_0344,"Does the trembling occur more when her hands are at rest, or when she is actively trying to use them?",EPISTEMIC,EPISTEMIC,gemini,gemini-2.5-flash,1.865,2026-04-30T15:40:06.413999+00:00,
medqa_0344,"Does she experience any other symptoms such as problems with balance, coordination, speech, or vision?",EPISTEMIC,EPISTEMIC,gemini,gemini-2.5-flash,1.929,2026-04-30T15:40:09.345410+00:00,
medqa_0344,"When did these symptoms first start, and have they been constant, or do they come and go?",EPISTEMIC,EPISTEMIC,gemini,gemini-2.5-flash,1.774,2026-04-30T15:40:12.122120+00:00,
medqa_0807,Are any of the stab wounds located in the chest?,EPISTEMIC,EPISTEMIC,gemini,gemini-2.5-flash,1.917,2026-04-30T15:40:15.042271+00:00,
medqa_0807,Are there any signs of jugular venous distension or muffled heart sounds?,EPISTEMIC,EPISTEMIC,gemini,gemini-2.5-flash,1.962,2026-04-30T15:40:18.006426+00:00,
medqa_0807,Is there any evidence of pulsus paradoxus?,EPISTEMIC,EPISTEMIC,gemini,gemini-2.5-flash,2.127,2026-04-30T15:40:21.137572+00:00,
medqa_0889,"Have you noticed any other bleeding symptoms, such as easy bruising, nosebleeds, or prolonged bleeding from minor cuts, or any history of deep muscle or joint bleeds?",EPISTEMIC,EPISTEMIC,gemini,gemini-2.5-flash,2.225,2026-04-30T15:40:24.364245+00:00,
medqa_0889,"Is there any family history of bleeding disorders, such as easy bruising, nosebleeds, or prolonged bleeding in other family members?",EPISTEMIC,EPISTEMIC,gemini,gemini-2.5-flash,2.28,2026-04-30T15:40:27.646765+00:00,
medqa_0889,"Are you currently taking any medications, including over-the-counter drugs, supplements, or herbal remedies, especially aspirin or NSAIDs?",EPISTEMIC,EPISTEMIC,gemini,gemini-2.5-flash,2.021,2026-04-30T15:40:30.670138+00:00,
medqa_1050,What other medications is the patient currently taking?,EPISTEMIC,EPISTEMIC,gemini,gemini-2.5-flash,1.711,2026-04-30T15:40:33.382918+00:00,
medqa_1050,Does the patient have a history of cholelithiasis or other gallbladder disease?,EPISTEMIC,EPISTEMIC,gemini,gemini-2.5-flash,1.76,2026-04-30T15:40:36.145953+00:00,
medqa_1050,What is the patient's current thyroid stimulating hormone (TSH) level?,EPISTEMIC,EPISTEMIC,gemini,gemini-2.5-flash,1.771,2026-04-30T15:40:38.919282+00:00,
medqa_0943,"Does 'efflux of calcium ions' refer to calcium moving out of the cytoplasm, including into intracellular stores like the sarcoplasmic reticulum, or strictly to calcium moving out of the cell?",EPISTEMIC,EPISTEMIC,gemini,gemini-2.5-flash,1.802,2026-04-30T15:40:41.722945+00:00,
medqa_0943,"Is this cell a skeletal, cardiac, or smooth muscle cell?",EPISTEMIC,EPISTEMIC,gemini,gemini-2.5-flash,1.841,2026-04-30T15:40:44.566451+00:00,
medqa_0943,"Does 'relaxation' in this context refer to the active process of reducing intracellular calcium concentration, or primarily to the cessation of the contractile state?",EPISTEMIC,EPISTEMIC,gemini,gemini-2.5-flash,2.09,2026-04-30T15:40:47.658701+00:00,
medqa_0896,"Has he developed any new, unusual beliefs, or started hearing or seeing things that others don't?",EPISTEMIC,EPISTEMIC,gemini,gemini-2.5-flash,2.085,2026-04-30T15:40:50.745535+00:00,
medqa_0896,"How long have these beliefs and the change in personality been present, and has he experienced any difficulties with his speech, organization of thoughts, or a significant decrease in his motivation or social activity?",EPISTEMIC,EPISTEMIC,gemini,gemini-2.5-flash,3.423,2026-04-30T15:40:55.171590+00:00,
medqa_0896,"Has he experienced any significant periods of depressed mood, loss of pleasure, or elevated/irritable mood that have been prominent throughout the course of his illness, and if so, how do these relate to the timing of his psychotic symptoms?",EPISTEMIC,EPISTEMIC,gemini,gemini-2.5-flash,2.46,2026-04-30T15:40:58.634804+00:00,
medqa_0052,Have you noticed any changes in the color of your urine or stool?,EPISTEMIC,EPISTEMIC,gemini,gemini-2.5-flash,2.086,2026-04-30T15:41:01.724030+00:00,
medqa_0052,"Have you experienced any abdominal pain, particularly in the upper right quadrant, or any associated fever or chills?",EPISTEMIC,EPISTEMIC,gemini,gemini-2.5-flash,1.91,2026-04-30T15:41:04.636219+00:00,
medqa_0052,"Have you experienced any unintentional weight loss, changes in appetite, or unusual fatigue recently?",EPISTEMIC,EPISTEMIC,gemini,gemini-2.5-flash,1.85,2026-04-30T15:41:07.488896+00:00,
medqa_0607,Is the study designed to compare mortality in individuals with psychiatric illness to a reference population?,EPISTEMIC,EPISTEMIC,gemini,gemini-2.5-flash,2.704,2026-04-30T15:41:11.196325+00:00,
medqa_0607,Were the expected deaths adjusted for demographic factors such as age and sex?,EPISTEMIC,EPISTEMIC,gemini,gemini-2.5-flash,1.866,2026-04-30T15:41:14.065095+00:00,
medqa_0607,Does the study specify the source or method used to calculate the 'expected deaths'?,EPISTEMIC,EPISTEMIC,gemini,gemini-2.5-flash,1.902,2026-04-30T15:41:16.970096+00:00,
medqa_1182,Is the decreased renal blood flow acute or chronic?,EPISTEMIC,EPISTEMIC,gemini,gemini-2.5-flash,1.762,2026-04-30T15:41:19.734297+00:00,
medqa_1182,What are the patient's plasma renin activity (PRA) or plasma renin concentration (PRC) levels?,EPISTEMIC,EPISTEMIC,gemini,gemini-2.5-flash,1.966,2026-04-30T15:41:22.702286+00:00,
medqa_1182,"What are the patient's serum electrolyte levels, specifically potassium?",EPISTEMIC,EPISTEMIC,gemini,gemini-2.5-flash,1.871,2026-04-30T15:41:25.576003+00:00,
medqa_0410,What are the patient's serum and urine osmolality values?,EPISTEMIC,EPISTEMIC,gemini,gemini-2.5-flash,1.66,2026-04-30T15:41:28.238384+00:00,
medqa_0410,What is the patient's serum ADH level?,EPISTEMIC,EPISTEMIC,gemini,gemini-2.5-flash,1.913,2026-04-30T15:41:31.153529+00:00,
medqa_0410,What is the patient's response to a desmopressin (DDAVP) challenge?,EPISTEMIC,EPISTEMIC,gemini,gemini-2.5-flash,1.912,2026-04-30T15:41:34.068282+00:00,
medqa_1164,What is the patient's current blood pressure?,EPISTEMIC,EPISTEMIC,gemini,gemini-2.5-flash,1.474,2026-04-30T15:41:36.546261+00:00,
medqa_1164,"Does the patient have a history of heart failure, chronic kidney disease, or diabetes?",EPISTEMIC,EPISTEMIC,gemini,gemini-2.5-flash,1.791,2026-04-30T15:41:39.339548+00:00,
medqa_1164,"Is there any evidence of other acute end-organ damage (e.g., chest pain, dyspnea, focal neurological deficits, acute kidney injury)?",EPISTEMIC,EPISTEMIC,gemini,gemini-2.5-flash,1.893,2026-04-30T15:41:42.234713+00:00,
medqa_0467,Which anatomical region is indicated by the arrow?,EPISTEMIC,EPISTEMIC,gemini,gemini-2.5-flash,1.96,2026-04-30T15:41:45.197016+00:00,
medqa_0467,What is a common clinical outcome if the immunologic process normally occurring in this region malfunctions?,EPISTEMIC,EPISTEMIC,gemini,gemini-2.5-flash,2.141,2026-04-30T15:41:48.340116+00:00,
medqa_0467,What type of cells undergo this immunologic process in the indicated region?,EPISTEMIC,EPISTEMIC,gemini,gemini-2.5-flash,2.045,2026-04-30T15:41:51.386987+00:00,
medqa_0610,What is the patient's current gestational age?,EPISTEMIC,EPISTEMIC,gemini,gemini-2.5-flash,1.844,2026-04-30T15:41:54.233654+00:00,
medqa_0610,What is the Rh status of the patient's partner?,EPISTEMIC,EPISTEMIC,gemini,gemini-2.5-flash,1.742,2026-04-30T15:41:56.977656+00:00,
medqa_0610,"Has the patient had any prior pregnancies, and if so, what were their outcomes and was Rhogam administered?",EPISTEMIC,EPISTEMIC,gemini,gemini-2.5-flash,1.708,2026-04-30T15:41:59.687979+00:00,
medqa_0627,"What is her cervical dilation, effacement, and fetal station?",EPISTEMIC,EPISTEMIC,gemini,gemini-2.5-flash,2.012,2026-04-30T15:42:02.702783+00:00,
medqa_0627,Has there been any documented cervical change since the onset of contractions or last cervical exam?,EPISTEMIC,EPISTEMIC,gemini,gemini-2.5-flash,1.8,2026-04-30T15:42:05.505555+00:00,
medqa_0627,Is the placenta still attached to the inverted uterus?,EPISTEMIC,EPISTEMIC,gemini,gemini-2.5-flash,1.954,2026-04-30T15:42:08.462433+00:00,
medqa_0702,What is the prevalence of the condition in the population being tested?,EPISTEMIC,EPISTEMIC,gemini,gemini-2.5-flash,2.196,2026-04-30T15:42:11.660569+00:00,
medqa_0702,What are the potential consequences or implications for a patient who receives a false negative test result?,EPISTEMIC,EPISTEMIC,gemini,gemini-2.5-flash,1.701,2026-04-30T15:42:14.364669+00:00,
medqa_0702,"What is the purpose of this test (e.g., screening, diagnosis, monitoring)?",EPISTEMIC,EPISTEMIC,gemini,gemini-2.5-flash,1.87,2026-04-30T15:42:17.237545+00:00,
medqa_0552,"What are the specific characteristics of the pain, and have any initial diagnostic tests (labs or imaging) been performed?",EPISTEMIC,EPISTEMIC,gemini,gemini-2.5-flash,1.833,2026-04-30T15:42:20.072472+00:00,
medqa_0552,What were the findings of the abdominal ultrasound (RUQ)?,EPISTEMIC,EPISTEMIC,gemini,gemini-2.5-flash,1.702,2026-04-30T15:42:22.777120+00:00,
medqa_0552,"What were the results of the Liver Function Tests (LFTs), Lipase, and Amylase?",EPISTEMIC,EPISTEMIC,gemini,gemini-2.5-flash,1.832,2026-04-30T15:42:25.611562+00:00,
medqa_0258,"Are there any other associated symptoms, such as abdominal pain, neurological changes, or skin photosensitivity?",EPISTEMIC,EPISTEMIC,gemini,gemini-2.5-flash,2.118,2026-04-30T15:42:28.732176+00:00,
medqa_0258,"Are there any specific neurological deficits on examination, such as wrist drop, foot drop, or altered reflexes?",EPISTEMIC,EPISTEMIC,gemini,gemini-2.5-flash,1.823,2026-04-30T15:42:31.557273+00:00,
medqa_0258,"Does the patient have any relevant occupational or environmental exposures, or specific hobbies that might be pertinent?",EPISTEMIC,EPISTEMIC,gemini,gemini-2.5-flash,2.122,2026-04-30T15:42:34.681827+00:00,
medqa_0711,"Can you describe the appearance of the dry skin, including any scaling, and its primary location on the body?",EPISTEMIC,EPISTEMIC,gemini,gemini-2.5-flash,2.007,2026-04-30T15:42:37.691719+00:00,
medqa_0711,"Is there any family history of similar skin conditions, or a personal history of atopic dermatitis, asthma, or allergic rhinitis?",EPISTEMIC,EPISTEMIC,gemini,gemini-2.5-flash,1.995,2026-04-30T15:42:40.690124+00:00,
medqa_0711,"When did Jacob's dry skin first appear, and has it changed in severity or appearance since then?",EPISTEMIC,EPISTEMIC,gemini,gemini-2.5-flash,2.023,2026-04-30T15:42:43.715550+00:00,
medqa_0128,Does the patient have any associated skin rashes or other dermatological manifestations?,EPISTEMIC,EPISTEMIC,gemini,gemini-2.5-flash,2.437,2026-04-30T15:42:47.155069+00:00,
medqa_0128,"What is the distribution and symmetry of the muscle weakness (e.g., proximal vs. distal, symmetric vs. asymmetric)?",EPISTEMIC,EPISTEMIC,gemini,gemini-2.5-flash,1.903,2026-04-30T15:42:50.060321+00:00,
medqa_0128,"Are there any specific muscles that are disproportionately affected, such as finger flexors or quadriceps?",EPISTEMIC,EPISTEMIC,gemini,gemini-2.5-flash,1.865,2026-04-30T15:42:52.927843+00:00,
medqa_1158,"Has the patient experienced any other symptoms such as joint pain, rashes, fever, or oral ulcers?",EPISTEMIC,EPISTEMIC,gemini,gemini-2.5-flash,1.891,2026-04-30T15:42:55.821464+00:00,
medqa_1158,"What are the results of a urinalysis, specifically looking for proteinuria, hematuria, or casts?",EPISTEMIC,EPISTEMIC,gemini,gemini-2.5-flash,1.817,2026-04-30T15:42:58.640462+00:00,
medqa_1158,What are the patient's C3 and C4 complement levels?,EPISTEMIC,EPISTEMIC,gemini,gemini-2.5-flash,2.006,2026-04-30T15:43:01.649744+00:00,
medqa_0138,"Does he experience any daytime urinary symptoms such as urgency, frequency, or wetting?",EPISTEMIC,EPISTEMIC,gemini,gemini-2.5-flash,1.692,2026-04-30T15:43:04.345083+00:00,
medqa_0138,Does Jacob experience any issues with constipation or infrequent bowel movements?,EPISTEMIC,EPISTEMIC,gemini,gemini-2.5-flash,2.126,2026-04-30T15:43:07.473138+00:00,
medqa_0138,"Has Jacob ever achieved a period of sustained nighttime dryness (e.g., for at least 6 consecutive months)?",EPISTEMIC,EPISTEMIC,gemini,gemini-2.5-flash,1.678,2026-04-30T15:43:10.153490+00:00,
medqa_0529,Did she experience any flashes of light or new floaters in that eye before the vision loss occurred?,EPISTEMIC,EPISTEMIC,gemini,gemini-2.5-flash,1.788,2026-04-30T15:43:12.943691+00:00,
medqa_0529,"Does she have any associated symptoms such as headache, scalp tenderness, jaw claudication, or muscle aches?",EPISTEMIC,EPISTEMIC,gemini,gemini-2.5-flash,1.672,2026-04-30T15:43:15.618412+00:00,
medqa_0529,"Can you describe the specific pattern of vision loss? For example, was it a complete blackout, or did it affect only a certain part of your vision, like the top, bottom, or side?",EPISTEMIC,EPISTEMIC,gemini,gemini-2.5-flash,1.792,2026-04-30T15:43:18.412769+00:00,
medqa_0770,What is the primary objective of the study being referred to?,EPISTEMIC,EPISTEMIC,gemini,gemini-2.5-flash,1.902,2026-04-30T15:43:21.318478+00:00,
medqa_0770,Does the study involve a comparison group of individuals who did not develop paralysis?,EPISTEMIC,EPISTEMIC,gemini,gemini-2.5-flash,1.837,2026-04-30T15:43:24.158044+00:00,
medqa_0770,What kind of conclusions or inferences can typically be drawn from this type of study design?,EPISTEMIC,EPISTEMIC,gemini,gemini-2.5-flash,2.36,2026-04-30T15:43:27.520381+00:00,
medqa_0569,Is the patient maintaining a patent airway and breathing effectively?,EPISTEMIC,EPISTEMIC,gemini,gemini-2.5-flash,2.147,2026-04-30T15:43:30.669490+00:00,
medqa_0569,What is the patient's Glasgow Coma Scale (GCS) score?,EPISTEMIC,EPISTEMIC,gemini,gemini-2.5-flash,1.867,2026-04-30T15:43:33.538741+00:00,
medqa_0569,"Has naloxone been administered, and if so, what was the patient's response?",EPISTEMIC,EPISTEMIC,gemini,gemini-2.5-flash,2.304,2026-04-30T15:43:36.844507+00:00,
medqa_1077,Does the patient have a history of heavy alcohol use or exposure to lead or certain medications like isoniazid?,EPISTEMIC,EPISTEMIC,gemini,gemini-2.5-flash,1.791,2026-04-30T15:43:39.637668+00:00,
medqa_1077,What are the findings on the peripheral blood smear?,EPISTEMIC,EPISTEMIC,gemini,gemini-2.5-flash,1.732,2026-04-30T15:43:42.372044+00:00,
medqa_1077,What is the patient's vitamin B6 (pyridoxine) level?,EPISTEMIC,EPISTEMIC,gemini,gemini-2.5-flash,2.248,2026-04-30T15:43:45.623023+00:00,
medqa_0857,Which specific drug are you referring to?,EPISTEMIC,EPISTEMIC,gemini,gemini-2.5-flash,1.8,2026-04-30T15:43:48.425448+00:00,
medqa_0857,Which specific receptor does Aldesleukin bind to on target cells to exert its effects?,EPISTEMIC,EPISTEMIC,gemini,gemini-2.5-flash,1.666,2026-04-30T15:43:51.094069+00:00,
medqa_0857,Does Aldesleukin primarily enhance humoral immunity or cell-mediated immunity?,EPISTEMIC,EPISTEMIC,gemini,gemini-2.5-flash,2.013,2026-04-30T15:43:54.109762+00:00,
medqa_1083,"Did the pain start suddenly after a specific injury, or has it developed gradually over time?",EPISTEMIC,EPISTEMIC,gemini,gemini-2.5-flash,1.897,2026-04-30T15:43:57.008508+00:00,
medqa_1083,Can you pinpoint the exact location of the pain on your foot?,EPISTEMIC,EPISTEMIC,gemini,gemini-2.5-flash,1.787,2026-04-30T15:43:59.797729+00:00,
medqa_1083,"Have you recently increased your running mileage or intensity, or changed your footwear?",EPISTEMIC,EPISTEMIC,gemini,gemini-2.5-flash,2.038,2026-04-30T15:44:02.838582+00:00,
medqa_0025,"What types of infections has she been experiencing, and have any specific pathogens been identified?",EPISTEMIC,EPISTEMIC,gemini,gemini-2.5-flash,1.762,2026-04-30T15:44:05.603683+00:00,
medqa_0025,"Has the patient undergone any specific immunological tests, such as a Dihydrorhodamine (DHR) test or Nitroblue Tetrazolium (NBT) test?",EPISTEMIC,EPISTEMIC,gemini,gemini-2.5-flash,1.938,2026-04-30T15:44:08.544357+00:00,
medqa_0025,Is there any family history of similar recurrent infections or immunodeficiency?,EPISTEMIC,EPISTEMIC,gemini,gemini-2.5-flash,1.799,2026-04-30T15:44:11.345820+00:00,
medqa_0324,"Does the patient have jaundice, abdominal pain, or any other signs of liver dysfunction or biliary obstruction?",EPISTEMIC,EPISTEMIC,gemini,gemini-2.5-flash,1.922,2026-04-30T15:44:14.270914+00:00,
medqa_0324,"What are the patient's current vital signs, particularly blood pressure and temperature, and has an abdominal ultrasound already been performed?",EPISTEMIC,EPISTEMIC,gemini,gemini-2.5-flash,1.873,2026-04-30T15:44:17.146189+00:00,
medqa_0324,"What is the patient's current coagulation status (e.g., INR, platelet count)?",EPISTEMIC,EPISTEMIC,gemini,gemini-2.5-flash,1.795,2026-04-30T15:44:19.943254+00:00,
medqa_1125,"Has she tried any pain relief for her menstrual cramps before, and if so, what did she try and how effective was it?",EPISTEMIC,EPISTEMIC,gemini,gemini-2.5-flash,2.724,2026-04-30T15:44:23.669605+00:00,
medqa_1125,"How severe are her cramps on a scale of 1-10, and how do they impact her daily activities, such as school attendance or social life?",EPISTEMIC,EPISTEMIC,gemini,gemini-2.5-flash,1.827,2026-04-30T15:44:26.499096+00:00,
medqa_1125,"Does she experience any other symptoms along with her cramps, such as heavy bleeding, irregular periods, pain during intercourse, or bowel/bladder changes?",EPISTEMIC,EPISTEMIC,gemini,gemini-2.5-flash,1.859,2026-04-30T15:44:29.361275+00:00,
medqa_0088,What are the patient's current vital signs and initial respiratory exam findings?,EPISTEMIC,EPISTEMIC,gemini,gemini-2.5-flash,2.012,2026-04-30T15:44:32.374824+00:00,
medqa_0088,What are the findings regarding the mediastinum on the initial chest X-ray?,EPISTEMIC,EPISTEMIC,gemini,gemini-2.5-flash,1.768,2026-04-30T15:44:35.145957+00:00,
medqa_0088,Are there any pulse deficits or blood pressure discrepancies between the upper extremities?,EPISTEMIC,EPISTEMIC,gemini,gemini-2.5-flash,1.934,2026-04-30T15:44:38.081914+00:00,
medqa_0749,"Is this headache sudden in onset, severe, or associated with any other symptoms like fever, neck stiffness, or vision changes?",EPISTEMIC,EPISTEMIC,gemini,gemini-2.5-flash,2.459,2026-04-30T15:44:41.543978+00:00,
medqa_0749,"Are there any other associated neurological deficits such as weakness, numbness, or speech difficulties?",EPISTEMIC,EPISTEMIC,gemini,gemini-2.5-flash,1.881,2026-04-30T15:44:44.427387+00:00,
medqa_0749,"Has a fundoscopic exam been performed, and if so, what were the findings?",EPISTEMIC,EPISTEMIC,gemini,gemini-2.5-flash,1.688,2026-04-30T15:44:47.118060+00:00,
medqa_1081,"Are the symptoms affecting specific joints like the knuckles closest to the fingernails (DIPs), the middle knuckles (PIPs), or the larger knuckles at the base of the fingers (MCPs), and are both hands affected?",EPISTEMIC,EPISTEMIC,gemini,gemini-2.5-flash,1.872,2026-04-30T15:44:49.992662+00:00,
medqa_1081,How long does the stiffness typically last in the morning or after periods of inactivity?,EPISTEMIC,EPISTEMIC,gemini,gemini-2.5-flash,2.297,2026-04-30T15:44:53.292916+00:00,
medqa_1081,Are there any visible bony enlargements or nodes at the affected finger joints?,EPISTEMIC,EPISTEMIC,gemini,gemini-2.5-flash,2.174,2026-04-30T15:44:56.469491+00:00,
medqa_0381,"Are we considering the regulation of the rate-limiting enzyme in a specific tissue, such as liver or muscle, or a general principle of metabolic regulation?",ALEATORIC,ALEATORIC,gemini,gemini-2.5-flash,1.822,2026-04-30T15:44:59.293981+00:00,
medqa_0381,"Is there any indication of the patient's nutritional status, such as recent weight changes, dietary restrictions, or signs of specific nutrient deficiencies?",EPISTEMIC,EPISTEMIC,gemini,gemini-2.5-flash,1.948,2026-04-30T15:45:02.244280+00:00,
medqa_0381,"Is there any information regarding the patient's sleep patterns, quality of sleep, or any symptoms suggestive of a sleep disorder?",EPISTEMIC,EPISTEMIC,gemini,gemini-2.5-flash,1.777,2026-04-30T15:45:05.023272+00:00,
medqa_1172,"Can you describe the color, consistency, and odor of the vaginal discharge?",EPISTEMIC,EPISTEMIC,gemini,gemini-2.5-flash,1.908,2026-04-30T15:45:07.934026+00:00,
medqa_1172,"Is there any associated vulvar redness, swelling, or signs of discomfort in the infant?",EPISTEMIC,EPISTEMIC,gemini,gemini-2.5-flash,1.816,2026-04-30T15:45:10.753478+00:00,
medqa_1172,Has the discharge changed in character or amount since it was first noticed?,EPISTEMIC,EPISTEMIC,gemini,gemini-2.5-flash,1.722,2026-04-30T15:45:13.478228+00:00,
medqa_0932,"Are there any associated symptoms like morning stiffness, swelling, warmth, or redness in the knees?",EPISTEMIC,EPISTEMIC,gemini,gemini-2.5-flash,1.858,2026-04-30T15:45:16.338572+00:00,
medqa_0932,"What is the duration of the knee pain, and does he experience any mechanical symptoms such as locking, catching, or giving way?",EPISTEMIC,EPISTEMIC,gemini,gemini-2.5-flash,1.77,2026-04-30T15:45:19.109878+00:00,
medqa_0932,"Has the patient tried any conservative treatments for his knee pain, such as over-the-counter pain relievers, physical therapy, or activity modification, and if so, what was the response?",EPISTEMIC,EPISTEMIC,gemini,gemini-2.5-flash,1.843,2026-04-30T15:45:21.955669+00:00,
medqa_1063,What is the planned surgical procedure or reason for general anesthesia?,EPISTEMIC,EPISTEMIC,gemini,gemini-2.5-flash,1.895,2026-04-30T15:45:24.853890+00:00,
medqa_1063,Are there any specific patient comorbidities or medications that might affect neuromuscular function or the choice of muscle relaxant?,EPISTEMIC,EPISTEMIC,gemini,gemini-2.5-flash,1.895,2026-04-30T15:45:27.751302+00:00,
medqa_1063,What is the patient's renal and hepatic function?,EPISTEMIC,EPISTEMIC,gemini,gemini-2.5-flash,1.885,2026-04-30T15:45:30.639282+00:00,
medqa_0885,"Did this headache come on suddenly, and is it the worst headache you've ever experienced?",EPISTEMIC,EPISTEMIC,gemini,gemini-2.5-flash,1.74,2026-04-30T15:45:33.382357+00:00,
medqa_0885,"Are you experiencing any nausea, vomiting, neck stiffness, or changes in your vision or strength?",EPISTEMIC,EPISTEMIC,gemini,gemini-2.5-flash,2.037,2026-04-30T15:45:36.422025+00:00,
medqa_0885,"Do you have a history of high blood pressure, or are you currently taking any blood thinners?",EPISTEMIC,EPISTEMIC,gemini,gemini-2.5-flash,1.96,2026-04-30T15:45:39.384227+00:00,
medqa_0458,"Were the patient's heart rate and blood pressure returning to normal resting levels, or were there any abnormal fluctuations or sustained changes after exercise?",EPISTEMIC,EPISTEMIC,gemini,gemini-2.5-flash,1.941,2026-04-30T15:45:42.327973+00:00,
medqa_0458,Was there any assessment of peripheral vascular resistance or systemic vascular resistance during the recovery phase?,EPISTEMIC,EPISTEMIC,gemini,gemini-2.5-flash,1.8,2026-04-30T15:45:45.129876+00:00,
medqa_0458,"Did heart rate and blood pressure return to baseline at a similar rate, or did one normalize significantly faster than the other?",EPISTEMIC,EPISTEMIC,gemini,gemini-2.5-flash,1.908,2026-04-30T15:45:48.039975+00:00,
medqa_1212,What was the composition of the patient's previous kidney stone?,EPISTEMIC,EPISTEMIC,gemini,gemini-2.5-flash,1.876,2026-04-30T15:45:50.917631+00:00,
medqa_1212,"What were the results of the patient's 24-hour urine collection, specifically regarding calcium and oxalate excretion?",EPISTEMIC,EPISTEMIC,gemini,gemini-2.5-flash,1.865,2026-04-30T15:45:53.785252+00:00,
medqa_1212,What is the patient's typical daily sodium intake?,EPISTEMIC,EPISTEMIC,gemini,gemini-2.5-flash,1.74,2026-04-30T15:45:56.527890+00:00,
medqa_0920,Are you experiencing any difficulty swallowing or food getting stuck?,EPISTEMIC,EPISTEMIC,gemini,gemini-2.5-flash,3.068,2026-04-30T15:46:00.598435+00:00,
medqa_0920,Have you experienced any unintentional weight loss recently?,EPISTEMIC,EPISTEMIC,gemini,gemini-2.5-flash,1.964,2026-04-30T15:46:03.565196+00:00,
medqa_0920,Do you have a history of smoking or heavy alcohol use?,EPISTEMIC,EPISTEMIC,gemini,gemini-2.5-flash,2.856,2026-04-30T15:46:07.423740+00:00,
medqa_0334,"Does the patient have any existing microvascular complications of diabetes, such as neuropathy or nephropathy?",EPISTEMIC,EPISTEMIC,gemini,gemini-2.5-flash,1.927,2026-04-30T15:46:10.353562+00:00,
medqa_0334,"Does the patient have any other comorbidities or risk factors that would increase their risk for foot complications, such as peripheral artery disease, smoking, or a history of foot ulcers?",EPISTEMIC,EPISTEMIC,gemini,gemini-2.5-flash,2.006,2026-04-30T15:46:13.361267+00:00,
medqa_0334,"Does the patient have any conditions that cause immunocompromise, such as asplenia or HIV, or is she on immunosuppressive therapy?",EPISTEMIC,EPISTEMIC,gemini,gemini-2.5-flash,1.859,2026-04-30T15:46:16.221461+00:00,
medqa_0393,"What are the newborn's current vital signs, specifically heart rate, blood pressure, and temperature?",EPISTEMIC,EPISTEMIC,gemini,gemini-2.5-flash,1.973,2026-04-30T15:46:19.197006+00:00,
medqa_0393,"What is the appearance of the exposed bowel (e.g., color, edema, presence of meconium)?",EPISTEMIC,EPISTEMIC,gemini,gemini-2.5-flash,1.872,2026-04-30T15:46:22.070891+00:00,
medqa_0393,"Is there any evidence of respiratory distress (e.g., tachypnea, retractions, grunting, cyanosis)?",EPISTEMIC,EPISTEMIC,gemini,gemini-2.5-flash,2.064,2026-04-30T15:46:25.136582+00:00,
medqa_1171,Could you please describe the patient's neurological or psychiatric symptoms?,EPISTEMIC,EPISTEMIC,gemini,gemini-2.5-flash,2.006,2026-04-30T15:46:28.144644+00:00,
medqa_1171,What are the patient's serum vitamin B12 and folate levels?,EPISTEMIC,EPISTEMIC,gemini,gemini-2.5-flash,2.184,2026-04-30T15:46:31.331627+00:00,
medqa_1171,What are the patient's methylmalonic acid (MMA) and homocysteine levels?,EPISTEMIC,EPISTEMIC,gemini,gemini-2.5-flash,2.169,2026-04-30T15:46:34.502987+00:00,
medqa_0628,What specific liver abnormalities were identified?,EPISTEMIC,EPISTEMIC,gemini,gemini-2.5-flash,1.902,2026-04-30T15:46:37.408130+00:00,
medqa_0628,What is the patient's alcohol consumption history?,EPISTEMIC,EPISTEMIC,gemini,gemini-2.5-flash,1.972,2026-04-30T15:46:40.382432+00:00,
medqa_0628,"Are there any other metabolic risk factors present, such as hypertension, dyslipidemia, or elevated glucose?",EPISTEMIC,EPISTEMIC,gemini,gemini-2.5-flash,2.223,2026-04-30T15:46:43.607935+00:00,
medqa_1269,"Have you experienced any significant weight loss, or do your stools appear particularly fatty or oily?",EPISTEMIC,EPISTEMIC,gemini,gemini-2.5-flash,1.991,2026-04-30T15:46:46.601263+00:00,
medqa_1269,"Have you experienced any episodes of skin flushing, particularly on your face or neck, or any wheezing?",EPISTEMIC,EPISTEMIC,gemini,gemini-2.5-flash,1.804,2026-04-30T15:46:49.406980+00:00,
medqa_1269,"Have you experienced any muscle weakness, cramps, or changes in heart rhythm, which could suggest electrolyte imbalances?",EPISTEMIC,EPISTEMIC,gemini,gemini-2.5-flash,1.829,2026-04-30T15:46:52.238601+00:00,
medqa_0099,When did the nipple discharge begin relative to the initiation of any of these medications?,EPISTEMIC,EPISTEMIC,gemini,gemini-2.5-flash,2.193,2026-04-30T15:46:55.434370+00:00,
medqa_0099,What is the patient's current serum prolactin level?,EPISTEMIC,EPISTEMIC,gemini,gemini-2.5-flash,2.173,2026-04-30T15:46:58.610410+00:00,
medqa_0099,"Is the patient currently prescribed or taking any of the other medications listed (Haloperidol, Bromocriptine, Fluphenazine)?",EPISTEMIC,EPISTEMIC,gemini,gemini-2.5-flash,2.092,2026-04-30T15:47:01.704676+00:00,
medqa_0207,"Was the colposcopy satisfactory, and was the entire squamocolumnar junction visualized?",EPISTEMIC,EPISTEMIC,gemini,gemini-2.5-flash,1.814,2026-04-30T15:47:04.521021+00:00,
medqa_0207,Is the patient currently pregnant?,EPISTEMIC,EPISTEMIC,gemini,gemini-2.5-flash,1.881,2026-04-30T15:47:07.404680+00:00,
medqa_0207,"Does the patient have any history of immunosuppression (e.g., HIV, organ transplant, chronic steroid use)?",EPISTEMIC,EPISTEMIC,gemini,gemini-2.5-flash,1.922,2026-04-30T15:47:10.328988+00:00,
medqa_0912,"Have you recently used a hot tub, swimming pool, or had prolonged exposure to water?",EPISTEMIC,EPISTEMIC,gemini,gemini-2.5-flash,1.813,2026-04-30T15:47:13.145027+00:00,
medqa_0912,Are the bumps primarily centered around hair follicles?,EPISTEMIC,EPISTEMIC,gemini,gemini-2.5-flash,1.848,2026-04-30T15:47:15.994611+00:00,
medqa_0912,Have you noticed any pus-filled bumps or pustules among the red bumps?,EPISTEMIC,EPISTEMIC,gemini,gemini-2.5-flash,2.964,2026-04-30T15:47:19.961252+00:00,
medqa_0423,"What is the quantitative amount of protein in the urine, such as a 24-hour urine protein excretion or urine protein-to-creatinine ratio?",EPISTEMIC,EPISTEMIC,gemini,gemini-2.5-flash,1.866,2026-04-30T15:47:22.830142+00:00,
medqa_0423,"Are there any other systemic symptoms, such as skin rash or joint pain?",EPISTEMIC,EPISTEMIC,gemini,gemini-2.5-flash,1.911,2026-04-30T15:47:25.743458+00:00,
medqa_0423,"Is there any evidence of a monoclonal gammopathy, such as serum or urine protein electrophoresis results?",EPISTEMIC,EPISTEMIC,gemini,gemini-2.5-flash,2.368,2026-04-30T15:47:29.114107+00:00,
medqa_0863,What is the patient's current blood glucose level?,EPISTEMIC,EPISTEMIC,gemini,gemini-2.5-flash,1.754,2026-04-30T15:47:31.869830+00:00,
medqa_0863,"Has the patient ingested any medications, illicit substances, or unusual foods recently?",EPISTEMIC,EPISTEMIC,gemini,gemini-2.5-flash,1.959,2026-04-30T15:47:34.831060+00:00,
medqa_0863,"What specific anti-diarrheal medication did the patient take, what was the dose, and when was the last dose taken?",EPISTEMIC,EPISTEMIC,gemini,gemini-2.5-flash,2.191,2026-04-30T15:47:38.024174+00:00,
medqa_1198,"What pain medications have you been taking since your surgery, and what has been your experience with them?",EPISTEMIC,EPISTEMIC,gemini,gemini-2.5-flash,1.815,2026-04-30T15:47:40.840777+00:00,
medqa_1198,"Have you experienced any other symptoms since stopping the oxycodone/acetaminophen, such as nausea, muscle aches, anxiety, or difficulty sleeping?",EPISTEMIC,EPISTEMIC,gemini,gemini-2.5-flash,2.044,2026-04-30T15:47:43.886768+00:00,
medqa_1198,"Can you describe the current severity and characteristics of your left knee pain, and how it compares to the pain you experienced immediately after surgery or when you were taking the oxycodone?",EPISTEMIC,EPISTEMIC,gemini,gemini-2.5-flash,1.758,2026-04-30T15:47:46.646928+00:00,
medqa_1216,What were the patient's initial vital signs and respiratory status upon arrival?,EPISTEMIC,EPISTEMIC,gemini,gemini-2.5-flash,1.766,2026-04-30T15:47:49.415530+00:00,
medqa_1216,"What were the findings on the initial physical examination of the chest, including any external signs of trauma and auscultation findings?",EPISTEMIC,EPISTEMIC,gemini,gemini-2.5-flash,2.814,2026-04-30T15:47:53.231866+00:00,
medqa_1216,What were the findings on the initial chest X-ray or focused assessment with sonography for trauma (FAST) exam?,EPISTEMIC,EPISTEMIC,gemini,gemini-2.5-flash,1.737,2026-04-30T15:47:55.971665+00:00,
medqa_0989,"Is the diarrhea watery, or does it contain blood or mucus?",EPISTEMIC,EPISTEMIC,gemini,gemini-2.5-flash,1.9,2026-04-30T15:47:58.874273+00:00,
medqa_0989,What is the duration of the patient's abdominal pain and diarrhea?,EPISTEMIC,EPISTEMIC,gemini,gemini-2.5-flash,1.709,2026-04-30T15:48:01.586207+00:00,
medqa_0989,"Has the patient experienced any flushing, wheezing, or heart palpitations?",EPISTEMIC,EPISTEMIC,gemini,gemini-2.5-flash,2.019,2026-04-30T15:48:04.607678+00:00,
medqa_0682,Does she have a history of asthma or wheezing on examination?,EPISTEMIC,EPISTEMIC,gemini,gemini-2.5-flash,1.857,2026-04-30T15:48:07.467639+00:00,
medqa_0682,"Is the patient immunocompromised or does she have any symptoms suggestive of tuberculosis (e.g., prolonged cough, night sweats, weight loss)?",EPISTEMIC,EPISTEMIC,gemini,gemini-2.5-flash,3.293,2026-04-30T15:48:11.763499+00:00,
medqa_0682,"What is her oxygen saturation, respiratory rate, and does she have any signs of severe respiratory distress (e.g., accessory muscle use, inability to speak in full sentences)?",EPISTEMIC,EPISTEMIC,gemini,gemini-2.5-flash,1.89,2026-04-30T15:48:14.655511+00:00,
medqa_0278,"What are the patient's vital signs, and are there any specific findings on lung examination, such as absent breath sounds or tracheal deviation?",EPISTEMIC,EPISTEMIC,gemini,gemini-2.5-flash,1.952,2026-04-30T15:48:17.609046+00:00,
medqa_0278,"What is the patient's current mental status (e.g., alert, drowsy, obtunded), and are there any signs of hypercapnia, such as a CO2 level or altered mental status?",EPISTEMIC,EPISTEMIC,gemini,gemini-2.5-flash,1.652,2026-04-30T15:48:20.263657+00:00,
medqa_0278,"Has the patient received any bronchodilators or steroids yet, and if so, what has been the clinical response?",EPISTEMIC,EPISTEMIC,gemini,gemini-2.5-flash,1.719,2026-04-30T15:48:22.986065+00:00,
medqa_0983,What were the findings of the most recent upper endoscopy regarding esophageal varices?,EPISTEMIC,EPISTEMIC,gemini,gemini-2.5-flash,1.744,2026-04-30T15:48:25.732547+00:00,
medqa_0983,"Does the patient have any contraindications to beta-blocker therapy, such as severe asthma, bradycardia, or hypotension?",EPISTEMIC,EPISTEMIC,gemini,gemini-2.5-flash,1.827,2026-04-30T15:48:28.562214+00:00,
medqa_0983,What is the patient's Child-Pugh score or MELD score?,EPISTEMIC,EPISTEMIC,gemini,gemini-2.5-flash,1.964,2026-04-30T15:48:31.528547+00:00,
medqa_0620,"Are there any signs of fluid overload, such as peripheral edema or pulmonary crackles?",EPISTEMIC,EPISTEMIC,gemini,gemini-2.5-flash,1.779,2026-04-30T15:48:34.309977+00:00,
medqa_0620,"What are the patient's most recent kidney function test results (e.g., creatinine, GFR)?",EPISTEMIC,EPISTEMIC,gemini,gemini-2.5-flash,1.79,2026-04-30T15:48:37.101720+00:00,
medqa_0620,"What is the patient's current medication list, especially any diuretics or cardiovascular drugs?",EPISTEMIC,EPISTEMIC,gemini,gemini-2.5-flash,1.955,2026-04-30T15:48:40.059426+00:00,
medqa_1097,How long have these symptoms been present?,EPISTEMIC,EPISTEMIC,gemini,gemini-2.5-flash,1.699,2026-04-30T15:48:42.761756+00:00,
medqa_1097,"Has the patient experienced any fever, significant weight loss, or joint pain?",EPISTEMIC,EPISTEMIC,gemini,gemini-2.5-flash,1.935,2026-04-30T15:48:45.699789+00:00,
medqa_1097,Does the patient have any family history of inflammatory bowel disease or other autoimmune conditions?,EPISTEMIC,EPISTEMIC,gemini,gemini-2.5-flash,1.555,2026-04-30T15:48:48.256919+00:00,
medqa_0732,"Have you experienced any fever, chills, unexplained weight loss, or changes in strength or sensation in your arms or legs?",EPISTEMIC,EPISTEMIC,gemini,gemini-2.5-flash,1.838,2026-04-30T15:48:51.097075+00:00,
medqa_0732,"Do you have any history of intravenous drug use, recent infections, or conditions that might weaken your immune system?",EPISTEMIC,EPISTEMIC,gemini,gemini-2.5-flash,1.714,2026-04-30T15:48:53.813298+00:00,
medqa_0732,"What are the patient's vital signs, including temperature, heart rate, blood pressure, and respiratory rate?",EPISTEMIC,EPISTEMIC,gemini,gemini-2.5-flash,1.774,2026-04-30T15:48:56.589648+00:00,
medqa_0028,Is the child experiencing any new weakness or changes in sensation?,EPISTEMIC,EPISTEMIC,gemini,gemini-2.5-flash,1.851,2026-04-30T15:48:59.443335+00:00,
medqa_0028,What are the patient's deep tendon reflexes?,EPISTEMIC,EPISTEMIC,gemini,gemini-2.5-flash,2.211,2026-04-30T15:49:02.656609+00:00,
medqa_0028,"Has the patient experienced any difficulty with facial movements, swallowing, or speech?",EPISTEMIC,EPISTEMIC,gemini,gemini-2.5-flash,1.832,2026-04-30T15:49:05.490883+00:00,
medqa_0644,Could you please provide the graph and describe the specific physiological changes observed at point D?,EPISTEMIC,EPISTEMIC,gemini,gemini-2.5-flash,1.845,2026-04-30T15:49:08.339098+00:00,
medqa_0644,"What is the specific gastrointestinal regulatory substance being studied, and what are its known primary physiological effects?",EPISTEMIC,EPISTEMIC,gemini,gemini-2.5-flash,1.913,2026-04-30T15:49:11.254793+00:00,
medqa_0644,Are the changes observed at point D consistent with a decrease in gastrointestinal secretory activity?,EPISTEMIC,EPISTEMIC,gemini,gemini-2.5-flash,1.87,2026-04-30T15:49:14.126923+00:00,
medqa_0400,"Are there any other symptoms, such as skin rashes, oral ulcers, photosensitivity, or involvement of other joints?",EPISTEMIC,EPISTEMIC,gemini,gemini-2.5-flash,1.886,2026-04-30T15:49:17.014965+00:00,
medqa_0400,"Is there any family history of joint problems, autoimmune diseases, or genetic conditions?",EPISTEMIC,EPISTEMIC,gemini,gemini-2.5-flash,1.889,2026-04-30T15:49:19.905857+00:00,
medqa_0400,"Are there any findings on physical examination or imaging (e.g., X-ray, MRI) that suggest the specific nature of the knee joint pathology, such as cartilage damage, synovial thickening, or bone abnormalities?",EPISTEMIC,EPISTEMIC,gemini,gemini-2.5-flash,1.863,2026-04-30T15:49:22.770722+00:00,
medqa_0426,What was the patient's travel destination?,EPISTEMIC,EPISTEMIC,gemini,gemini-2.5-flash,1.785,2026-04-30T15:49:25.558034+00:00,
medqa_0426,Are there any specific findings on the patient's peripheral blood smear?,EPISTEMIC,EPISTEMIC,gemini,gemini-2.5-flash,1.759,2026-04-30T15:49:28.319037+00:00,
medqa_0426,"Are there any other associated symptoms, such as headache, myalgia, or gastrointestinal complaints?",EPISTEMIC,EPISTEMIC,gemini,gemini-2.5-flash,1.775,2026-04-30T15:49:31.096172+00:00,
medqa_0281,"Do the bullae rupture easily, or do they tend to remain intact?",EPISTEMIC,EPISTEMIC,gemini,gemini-2.5-flash,1.956,2026-04-30T15:49:34.054082+00:00,
medqa_0281,Is the Nikolsky sign positive or negative?,EPISTEMIC,EPISTEMIC,gemini,gemini-2.5-flash,2.654,2026-04-30T15:49:37.710925+00:00,
medqa_0281,"Are there any other skin lesions present, such as urticarial plaques or eczematous patches?",EPISTEMIC,EPISTEMIC,gemini,gemini-2.5-flash,1.75,2026-04-30T15:49:40.463330+00:00,
medqa_0847,Does omeprazole primarily target histamine receptors or the proton pump itself?,EPISTEMIC,EPISTEMIC,gemini,gemini-2.5-flash,1.836,2026-04-30T15:49:43.301575+00:00,
medqa_0847,Is the inhibition of the proton pump by omeprazole reversible or irreversible?,EPISTEMIC,EPISTEMIC,gemini,gemini-2.5-flash,1.764,2026-04-30T15:49:46.068172+00:00,
medqa_0847,Does the H+/K+ ATPase directly consume ATP to transport ions?,EPISTEMIC,EPISTEMIC,gemini,gemini-2.5-flash,1.708,2026-04-30T15:49:48.778867+00:00,
